ID;a;ag;i
1;Ainda não gravado;Ainda não gravado;Ainda não gravado
2;Ainda não gravado;Ainda não gravado;Ainda não gravado
3;Ainda não gravado;Ainda não gravado;Ainda não gravado
4;Ainda não gravado;Ainda não gravado;Ainda não gravado
5;Ainda não gravado;Ainda não gravado;Ainda não gravado
6;Ainda não gravado;Ainda não gravado;Ainda não gravado
7;Ainda não gravado;Ainda não gravado;Ainda não gravado
8;Ainda não gravado;Ainda não gravado;Ainda não gravado
9;Ainda não gravado;Ainda não gravado;Ainda não gravado
10;Ainda não gravado;Ainda não gravado;Ainda não gravado
